"Date","Mean/Average","Most Bearish Response","Quart 1 (25% at/below)","Quart 2 (median)","Quart 3 (25% at/above)","Most Bullish Response","Standard Deviation","NAAIM Number","S&P 500"
"12/12/2018","55.51","0","2.50","49.50","94.44","200","50.14","55.51","2651.07"
"12/05/2018","61.96","-100","27.50","75.00","100.00","200","61.26","61.96","2700.06"
"11/28/2018","53.21","0","19.25","50.00","92.81","120","39.99","53.21","2743.79"
"11/21/2018","30.55","-200","2.50","30.00","79.00","130","73.89","30.55","2641.89"
"11/14/2018","35.13","-100","7.00","45.00","60.00","107","48.37","35.13","2722.18"
"11/07/2018","64.96","0","50.00","80.00","85.00","100","33.59","64.96","2813.89"
"10/31/2018","61.47","0","45.00","62.50","85.00","130","38.96","61.47","2711.74"
"10/24/2018","51.49","-200","22.50","62.50","92.50","150","72.86","51.49","2656.10"
"10/18/2018","67.76","-5","50.00","70.00","100.00","200","45.19","67.76","2809.21"
"10/10/2018","52.86","-133","16.50","50.00","92.50","200","64.94","52.86","2785.68"
"10/03/2018","84.49","0","60.25","82.50","100.00","200","43.37","84.49","2925.51"
"09/26/2018","90.73","0","65.00","90.00","100.00","200","44.58","90.73","2905.97"
"09/19/2018","83.92","0","59.75","90.00","100.00","200","38.02","83.92","2907.95"
"09/12/2018","90.19","20","75.00","97.00","100.00","200","37.62","90.19","2888.92"
"09/05/2018","85.01","0","66.25","97.50","100.00","200","43.57","85.01","2888.60"
"08/29/2018","98.30","30","80.00","100.00","100.00","200","38.53","98.30","2914.04"
"08/22/2018","86.46","40","70.00","82.50","100.00","200","31.73","86.46","2861.82"
"08/15/2018","78.27","0","52.50","80.00","100.00","200","38.94","78.27","2818.37"
"08/08/2018","87.68","28","75.00","95.00","100.00","200","32.78","87.60","2857.70"
"08/01/2018","76.36","0","50.00","77.50","100.00","200","40.45","76.36","2813.36"
"07/25/2018","84.96","0","78.75","95.00","100.00","200","39.16","84.96","2820.40"
"07/18/2018","82.01","0","62.50","87.50","100.00","200","38.82","82.01","2815.62"
"07/11/2018","88.56","0","72.50","91.00","100.00","200","38.47","88.56","2774.02"
"07/04/2018","76.38","0","53.75","72.00","99.50","200","46.74","76.38","2713.22"
"06/27/2018","85.06","0","70.00","95.13","100.00","200","39.00","85.06","2699.63"
"06/20/2018","89.20","0","80.00","95.25","100.00","200","34.50","89.20","2767.32"
"06/13/2018","103.93","35","85.00","95.25","100.00","200","41.63","103.93","2775.63"
"06/06/2018","91.67","11","70.00","90.00","100.00","200","34.51","91.67","2772.35"
"05/30/2018","82.24","0","55.00","75.00","100.00","200","39.76","82.24","2724.01"
"05/23/2018","83.95","-100","70.00","90.00","100.00","200","53.99","83.95","2733.29"
"05/16/2018","85.43","-100","77.50","93.50","100.00","200","54.33","85.43","2722.46"
"05/09/2018","69.82","0","50.00","62.50","96.50","200","39.55","69.82","2697.79"
"05/02/2018","52.56","-100","36.25","68.00","91.25","200","68.15","52.56","2635.67"
"04/25/2018","64.20","-100","36.25","62.50","91.75","200","63.14","64.20","2639.40"
"04/18/2018","77.64","0","65.00","79.00","100.00","200","38.98","77.64","2708.64"
"04/11/2018","65.12","0","45.00","65.00","97.00","200","48.61","65.12","2656.87"
"04/04/2018","55.57","-100","0.00","67.00","96.00","200","58.83","55.57","2644.69"
"03/28/2018","49.36","-100","0.00","63.50","95.00","200","66.57","49.36","2605.00"
"03/21/2018","77.28","-50","50.00","90.00","100.00","200","50.12","77.28","2711.93"
"03/14/2018","85.35","0","67.50","90.00","100.00","200","34.69","85.35","2749.48"
"03/07/2018","72.05","-100","50.00","84.00","100.00","200","53.35","72.05","2726.80"
"02/28/2018","81.00","0","64.00","84.50","100.00","200","34.54","81.00","2713.83"
"02/21/2018","62.69","-100","50.00","85.00","95.50","100","50.17","62.69","2701.33"
"02/14/2018","65.43","-100","47.00","85.00","98.50","200","55.52","65.43","2698.63"
"02/07/2018","75.90","0","53.75","82.00","100.00","200","44.02","75.90","2681.66"
"01/31/2018","84.93","-100","74.50","98.75","100.00","200","53.07","84.93","2823.81"
"01/24/2018","95.38","0","95.00","100.00","100.00","175","29.33","95.38","2837.54"
"01/17/2018","86.34","0","80.00","96.88","100.00","133","27.71","86.34","2802.56"
"01/10/2018","88.88","0","87.00","95.00","100.00","133","25.40","88.88","2748.23"
"01/03/2018","90.40","0","89.75","100.00","100.00","134","25.36","90.40","2713.06"
"12/27/2017","96.29","0","87.00","100.00","100.00","200","34.64","96.29","2682.62"
"12/20/2017","101.85","55","85.00","95.00","100.00","200","36.62","101.85","2679.25"
"12/13/2017","120.56","75","95.00","100.00","130.00","200","44.56","120.56","2662.85"
"12/06/2017","89.84","-100","78.50","96.50","100.00","200","48.44","89.84","2629.57"
"11/29/2017","97.34","0","67.50","95.00","100.00","200","47.38","97.34","2626.07"
"11/22/2017","88.37","0","85.00","95.00","100.00","134","27.31","88.37","2599.03"
"11/15/2017","78.51","-150","70.00","100.00","100.00","200","68.59","78.51","2578.87"
"11/08/2017","87.23","0","80.00","98.00","100.00","160","34.74","87.23","2594.38"
"11/01/2017","83.08","-100","61.25","90.50","100.00","200","57.91","83.08","2579.36"
"10/25/2017","91.37","-100","66.00","100.00","100.00","200","64.26","91.37","2557.15"
"10/18/2017","95.38","0","85.00","100.00","100.00","175","38.42","95.38","2561.26"
"10/11/2017","95.84","0","72.50","100.00","108.44","200","47.70","95.84","2550.64"
"10/04/2017","109.20","80","88.00","100.00","115.00","175","29.22","109.20","2534.58"
"09/27/2017","106.63","85","93.00","97.00","105.00","170","25.85","106.63","2507.04"
"09/20/2017","102.04","40","77.50","95.50","100.00","200","42.84","102.04","2508.24"
"09/13/2017","97.13","0","71.75","98.38","100.00","200","45.25","97.13","2498.37"
"09/06/2017","88.66","0","66.50","90.00","100.00","200","52.28","88.66","2465.54"
"08/30/2017","84.08","0","50.00","85.00","100.00","200","46.31","84.08","2457.59"
"08/23/2017","87.93","0","62.50","85.00","100.00","190","41.20","87.93","2444.04"
"08/16/2017","85.19","0","56.25","88.00","100.00","180","35.52","85.19","2468.11"
"08/09/2017","83.82","0","60.00","90.00","100.00","200","42.60","83.82","2474.20"
"08/02/2017","90.95","0","79.00","98.00","100.00","200","42.98","90.95","2477.57"
"07/26/2017","96.39","0","85.00","100.00","100.00","200","50.26","96.39","2477.13"
"07/19/2017","85.82","0","80.00","95.00","100.00","200","41.82","85.82","2473.83"
"07/12/2017","90.99","0","85.00","99.00","100.00","175","32.99","90.99","2443.25"
"07/05/2017","93.36","0","78.00","98.00","100.00","200","38.94","93.36","2429.01"
"06/28/2017","97.47","-50","85.00","100.00","100.00","200","51.63","97.47","2440.69"
"06/21/2017","92.69","-50","84.50","100.00","100.00","200","46.29","92.69","2435.61"
"06/14/2017","93.37","0","85.00","95.00","100.00","200","37.40","93.37","2437.92"
"06/07/2017","92.10","0","78.75","89.00","100.00","200","40.95","92.10","2433.14"
"05/31/2017","95.86","0","74.00","95.00","100.00","200","48.39","95.86","2411.80"
"05/24/2017","97.49","0","83.75","100.00","100.00","200","43.07","97.49","2404.39"
"05/17/2017","94.62","-100","82.00","100.00","100.00","200","57.00","94.62","2357.03"
"05/10/2017","95.20","0","78.00","95.00","100.00","200","45.40","95.20","2399.63"
"05/03/2017","82.31","0","75.00","96.00","100.00","200","43.62","82.31","2388.13"
"04/26/2017","88.09","-150","77.00","100.00","100.00","200","59.38","88.09","2387.45"
"04/19/2017","74.20","-150","70.00","97.00","100.00","175","59.96","74.20","2338.17"
"04/12/2017","82.95","-150","77.50","100.00","100.00","200","65.17","82.95","2344.93"
"04/05/2017","71.02","-150","52.50","85.00","100.00","200","64.78","71.02","2360.16"
"03/29/2017","68.28","-150","52.50","85.00","100.00","200","64.36","68.28","2358.57"
"03/22/2017","68.68","-100","50.00","82.00","100.00","150","49.66","68.68","2348.45"
"03/15/2017","80.77","-25","57.50","87.50","100.00","175","44.97","80.77","2365.45"
"03/08/2017","87.09","0","65.00","99.00","100.00","177","33.99","87.09","2362.98"
"03/01/2017","102.07","0","95.00","100.00","100.00","200","40.98","102.07","2395.96"
"02/22/2017","100.83","0","85.00","100.00","100.00","200","47.31","100.83","2365.38"
"02/15/2017","95.89","0","83.75","100.00","100.00","200","46.40","95.89","2349.25"
"02/08/2017","96.26","0","80.25","100.00","100.00","200","37.20","96.26","2294.67"
"02/01/2017","94.02","0","80.00","100.00","100.00","200","35.21","94.02","2279.55"
"01/25/2017","99.28","0","80.00","99.00","100.00","200","38.13","99.28","2298.37"
"01/18/2017","94.09","0","85.00","100.00","100.00","200","37.74","94.09","2271.89"
"01/11/2017","89.29","0","69.00","93.50","100.00","200","36.19","89.29","2275.32"
"01/04/2017","99.43","0","82.50","100.00","102.50","200","41.37","99.43","2270.75"
"12/28/2016","100.60","25","81.25","99.00","100.00","200","40.56","100.60","2263.79"
"12/21/2016","101.33","30","90.00","100.00","100.00","200","31.32","101.33","2265.18"
"12/14/2016","96.23","-50","75.75","99.50","100.00","200","51.23","96.23","2253.28"
"12/07/2016","101.60","0","90.00","100.00","100.00","200","44.57","101.60","2241.35"
"11/30/2016","98.02","5","87.50","100.00","100.00","200","33.81","98.02","2198.81"
"11/23/2016","86.56","5","69.00","91.75","100.00","150","31.90","86.56","2204.72"
"11/15/2016","83.42","-50","67.50","98.50","100.00","200","45.03","83.42","2176.94"
"11/09/2016","72.96","-150","45.00","95.00","100.00","200","70.25","72.96","2163.26"
"11/02/2016","58.08","-150","29.00","77.50","100.00","200","81.97","58.08","2097.94"
"10/26/2016","66.47","-150","50.00","90.00","100.00","200","73.20","66.47","2139.43"
"10/19/2016","63.70","-150","45.00","90.00","100.00","200","79.94","63.70","2144.29"
"10/12/2016","86.53","-100","70.50","90.00","100.00","200","57.79","86.53","2139.18"
"10/05/2016","78.49","-50","65.00","95.00","100.00","200","61.21","78.49","2159.73"
"09/28/2016","84.52","-50","69.25","94.25","100.00","200","48.90","84.52","2171.37"
"09/21/2016","79.31","-50","69.00","93.50","100.00","185","53.63","79.31","2163.12"
"09/14/2016","68.55","-100","37.25","96.75","100.00","200","74.81","68.55","2125.77"
"09/07/2016","90.85","-20","73.20","100.00","100.00","200","45.87","90.85","2186.48"
"08/31/2016","88.10","-50","71.00","100.00","100.00","200","50.59","88.10","2176.12"
"08/24/2016","97.80","0","76.00","100.00","100.00","200","52.85","97.80","2175.44"
"08/17/2016","98.79","37","77.50","100.00","100.00","200","38.35","98.79","2178.15"
"08/10/2016","92.86","0","75.00","95.00","100.00","200","44.68","92.86","2181.74"
"08/03/2016","93.05","0","70.00","95.00","100.00","200","40.90","93.05","2157.03"
"07/27/2016","101.02","0","87.50","100.00","100.00","200","38.76","101.02","2169.18"
"07/20/2016","92.64","-50","70.00","98.00","100.00","200","47.64","92.64","2173.02"
"07/13/2016","96.52","-100","80.00","100.00","100.00","200","55.47","96.52","2152.43"
"07/06/2016","65.43","-100","50.00","72.00","100.00","155","59.46","65.43","2099.73"
"06/29/2016","74.52","-150","64.00","80.00","100.00","200","61.15","74.52","2070.77"
"06/22/2016","69.35","-150","39.90","95.00","100.00","200","73.15","69.35","2085.45"
"06/15/2016","75.96","-150","50.00","99.00","100.00","200","74.11","75.96","2071.50"
"06/08/2016","74.80","-150","60.00","95.00","100.00","200","67.61","74.80","2119.12"
"06/01/2016","68.94","-150","53.75","87.50","100.00","200","58.20","68.94","2099.33"
"05/25/2016","64.67","-150","25.75","77.50","100.00","200","65.84","64.67","2090.54"
"05/18/2016","60.17","-150","38.05","77.50","100.00","200","66.03","60.17","2047.63"
"05/11/2016","49.55","-100","7.00","60.00","98.75","150","60.33","49.55","2064.46"
"05/04/2016","67.66","-100","33.00","82.50","100.00","200","63.56","67.66","2051.12"
"04/27/2016","74.19","-50","45.80","87.50","100.00","200","56.06","74.19","2095.15"
"04/20/2016","82.50","-100","57.50","95.00","100.00","200","59.27","82.50","2102.40"
"04/13/2016","63.97","-100","50.00","67.00","100.00","200","52.27","63.97","2082.42"
"04/06/2016","73.21","-50","50.00","71.25","100.00","200","44.99","73.21","2066.66"
"03/30/2016","67.94","-100","46.25","67.50","100.00","200","51.17","67.94","2063.95"
"03/23/2016","59.59","-100","32.63","62.50","98.75","200","55.94","59.59","2036.71"
"03/16/2016","62.72","-50","33.50","62.50","97.50","200","47.47","62.72","2027.22"
"03/09/2016","51.01","-50","20.50","50.00","75.00","200","49.35","51.01","1989.26"
"03/02/2016","54.44","-100","25.00","50.00","90.00","200","56.22","54.44","1986.45"
"02/24/2016","31.65","-100","0.00","34.40","59.00","200","57.39","31.65","1929.80"
"02/17/2016","41.05","-9","0.00","45.00","65.00","150","38.55","41.05","1926.82"
"02/10/2016","32.87","-100","0.00","27.50","50.00","200","53.13","32.87","1851.86"
"02/03/2016","22.41","-50","0.00","5.00","49.50","100","31.78","22.41","1912.53"
"01/27/2016","42.25","0","0.00","38.00","62.75","150","41.41","42.25","1882.85"
"01/20/2016","26.32","-150","0.00","19.00","50.00","200","54.60","26.32","1859.33"
"01/13/2016","34.50","-150","5.00","50.00","69.20","200","64.93","34.50","1890.28"
"01/06/2016","50.26","-150","6.25","57.50","83.75","200","66.59","50.26","1990.26"
"12/30/2015","47.67","-150","18.75","60.00","80.00","200","60.95","47.67","2063.36"
"12/23/2015","56.66","-150","47.00","66.00","95.00","200","58.63","56.66","2064.29"
"12/16/2015","61.32","-150","28.00","70.00","92.50","200","64.68","61.32","2073.07"
"12/09/2015","67.92","-36","30.00","80.00","100.00","200","49.78","67.92","2047.62"
"12/02/2015","68.12","-50","40.25","75.00","100.00","200","53.48","68.12","2079.51"
"11/25/2015","70.45","-50","56.00","74.40","95.00","150","34.74","70.45","2089.14"
"11/18/2015","58.47","-100","48.30","63.00","95.00","200","58.42","58.47","2083.58"
"11/11/2015","68.58","-50","50.00","75.00","97.90","200","53.11","68.58","2075.00"
"11/04/2015","69.16","-100","50.00","75.00","99.75","200","51.18","69.16","2102.31"
"10/28/2015","56.71","-100","25.00","50.00","95.00","200","57.37","56.71","2090.35"
"10/21/2015","35.67","-50","0.00","33.00","60.00","150","45.35","35.67","2018.94"
"10/14/2015","44.27","-100","0.00","27.50","83.75","200","67.17","44.27","1994.24"
"10/07/2015","38.30","-50","0.00","22.00","70.00","200","56.83","38.30","1995.83"
"09/30/2015","16.39","-150","0.00","25.00","38.50","200","58.08","16.39","1920.03"
"09/23/2015","21.34","-100","0.00","19.00","48.60","150","51.72","21.34","1938.76"
"09/16/2015","31.57","-100","0.00","25.00","55.00","150","43.81","31.57","1995.31"
"09/09/2015","26.04","-67","0.00","18.00","51.25","150","39.81","26.04","1942.04"
"09/02/2015","23.85","-100","0.00","19.50","51.04","150","45.74","23.85","1913.85"
"08/26/2015","28.31","-150","0.00","27.50","63.75","100","54.44","28.31","1867.61"
"08/19/2015","41.48","-150","0.00","50.00","80.45","175","56.91","41.48","2079.61"
"08/12/2015","48.08","-150","1.50","50.00","82.00","200","62.19","48.08","2086.05"
"08/05/2015","63.17","-150","48.75","76.00","100.00","200","63.08","63.17","2099.84"
"07/29/2015","50.75","-150","1.50","64.00","82.50","200","65.01","50.75","2108.57"
"07/22/2015","52.34","-150","16.75","68.50","89.25","200","69.12","52.34","2114.15"
"07/15/2015","52.24","-150","50.00","69.00","81.23","200","62.88","52.24","2107.40"
"07/08/2015","54.99","-150","21.25","62.50","86.50","200","64.15","54.99","2046.68"
"07/01/2015","54.84","-150","34.75","63.80","90.00","200","60.13","54.84","2077.42"
"06/24/2015","58.96","-150","42.00","75.00","85.35","200","58.05","58.96","2108.58"
"06/17/2015","58.64","-150","45.00","75.00","89.87","100","51.06","58.64","2100.44"
"06/10/2015","68.70","-150","50.00","86.00","100.00","200","58.29","68.70","2105.20"
"06/03/2015","71.07","-150","63.65","81.00","100.00","200","58.57","71.07","2114.07"
"05/27/2015","65.50","-150","50.00","80.00","100.00","200","59.14","65.50","2123.48"
"05/20/2015","67.61","-150","50.00","80.00","100.00","200","55.76","67.61","2125.85"
"05/13/2015","60.38","-150","50.00","82.98","97.00","100","54.76","60.38","2098.48"
"05/06/2015","80.30","-50","63.00","87.00","100.00","200","56.96","80.30","2089.46"
"04/29/2015","90.60","0","80.00","100.00","100.00","200","34.27","90.60","2114.76"
"04/22/2015","75.88","-200","69.75","90.00","100.00","165","59.57","75.88","2107.96"
"04/15/2015","86.67","0","77.50","94.00","100.00","200","40.54","86.67","2106.63"
"04/08/2015","86.73","0","80.00","95.00","100.00","150","28.29","86.73","2081.90"
"04/01/2015","75.86","-100","71.25","85.00","100.00","200","54.50","75.86","2059.69"
"03/25/2015","84.32","0","72.50","90.00","100.00","175","30.96","84.32","2061.05"
"03/18/2015","67.77","-200","57.50","80.00","100.00","200","62.43","67.77","2099.50"
"03/11/2015","65.68","-200","40.25","74.50","98.75","200","67.38","65.68","2044.16"
"03/04/2015","92.15","-50","76.25","98.50","100.00","200","48.21","92.15","2098.53"
"02/25/2015","99.23","-50","81.00","100.00","107.75","200","45.40","99.23","2113.86"
"02/18/2015","87.81","0","73.75","92.00","100.00","200","42.56","87.81","2099.68"
"02/11/2015","84.05","0","68.00","93.50","100.00","200","37.01","84.05","2068.53"
"02/04/2015","88.24","0","72.50","95.14","100.00","200","44.06","88.24","2041.51"
"01/28/2015","92.62","0","72.50","95.00","100.00","200","39.20","92.62","2002.16"
"01/21/2015","76.23","-200","64.50","81.00","100.00","200","66.11","76.23","2032.12"
"01/14/2015","87.13","-50","66.25","84.00","100.00","200","53.38","87.13","2011.27"
"01/07/2015","71.11","-200","62.50","85.00","100.00","200","73.52","71.11","2025.90"
"12/31/2014","95.86","0","72.50","100.00","103.26","200","43.31","95.86","2080.35"
"12/24/2014","90.59","0","75.00","95.00","100.00","180","32.71","90.59","2082.17"
"12/17/2014","65.12","-125","50.00","80.00","99.50","200","61.82","65.12","2012.89"
"12/10/2014","89.01","-100","70.00","99.00","100.00","200","52.55","89.01","2026.14"
"12/03/2014","86.06","-100","70.00","90.00","100.00","200","53.37","86.06","2074.33"
"11/25/2014","86.78","-200","80.00","100.00","107.86","200","64.44","86.78","2067.03"
"11/19/2014","72.06","-125","52.50","77.50","99.04","200","54.69","72.06","2048.72"
"11/12/2014","85.43","-125","65.50","86.50","100.00","200","59.75","85.43","2038.25"
"11/05/2014","77.68","-125","60.00","80.00","100.00","200","62.91","77.68","2023.57"
"10/29/2014","74.78","-125","50.00","80.00","96.00","200","65.53","74.78","1982.30"
"10/22/2014","41.38","-200","10.00","50.00","81.00","150","62.31","41.38","1927.11"
"10/15/2014","9.97","-200","0.00","30.00","50.00","85","67.69","9.97","1862.49"
"10/08/2014","33.14","-150","17.75","50.00","63.75","200","66.57","33.14","1968.89"
"10/01/2014","41.03","-125","14.00","50.00","83.75","200","66.81","41.03","1946.16"
"09/24/2014","59.76","-125","50.00","66.00","91.74","200","55.54","59.76","1998.30"
"09/17/2014","67.08","-125","50.00","75.00","95.00","200","49.13","67.08","2001.57"
"09/10/2014","63.63","-125","46.25","75.00","95.00","200","57.33","63.63","1995.69"
"09/03/2014","82.49","-100","55.50","80.00","100.00","202","59.21","82.49","2000.72"
"08/27/2014","78.84","-50","61.25","86.50","100.00","200","47.66","78.84","2000.12"
"08/20/2014","56.77","-125","29.25","68.00","85.19","200","62.56","56.77","1986.51"
"08/13/2014","50.61","-125","27.25","62.50","82.25","100","45.92","50.61","1946.72"
"08/06/2014","50.87","-125","35.00","50.00","80.00","200","51.80","50.87","1920.24"
"07/30/2014","81.62","-50","70.00","89.00","100.00","150","34.47","81.62","1970.07"
"07/23/2014","82.75","-50","70.00","91.50","100.00","170","39.31","82.75","1987.01"
"07/16/2014","81.91","-50","67.75","97.50","100.00","150","44.72","81.91","1981.57"
"07/09/2014","82.47","0","64.50","100.00","100.00","150","35.06","82.47","1972.83"
"07/02/2014","85.48","-50","67.00","95.00","100.00","200","47.50","85.48","1974.62"
"06/25/2014","88.15","-100","70.00","100.00","109.48","200","60.45","88.15","1959.53"
"06/18/2014","88.59","-50","68.75","97.50","100.00","200","44.31","88.59","1956.98"
"06/11/2014","87.30","0","70.00","95.00","100.00","200","38.37","87.30","1943.89"
"06/04/2014","90.86","0","67.50","90.00","100.00","200","42.35","90.86","1927.88"
"05/28/2014","72.52","-125","52.75","87.50","100.00","200","56.38","72.52","1909.78"
"05/21/2014","67.23","-125","50.00","75.00","100.00","177","46.93","67.23","1888.03"
"05/14/2014","78.18","0","58.75","81.50","100.00","177","30.36","78.18","1888.53"
"05/07/2014","76.81","-9","50.00","78.00","100.00","177","37.40","76.81","1867.12"
"04/30/2014","82.63","-50","59.25","85.00","100.00","210","45.80","82.63","1878.33"
"04/23/2014","76.58","-50","60.00","80.00","100.00","167","35.38","76.58","1875.39"
"04/16/2014","75.92","0","55.00","75.00","100.00","167","35.61","75.92","1862.31"
"04/09/2014","85.21","0","66.00","90.00","100.00","150","31.32","85.21","1872.18"
"04/02/2014","91.43","-50","65.00","85.00","100.00","200","44.19","91.43","1890.90"
"03/26/2014","91.12","30","71.25","95.50","100.00","175","30.02","91.12","1852.56"
"03/19/2014","89.84","0","70.00","97.00","100.00","200","38.47","89.84","1860.77"
"03/12/2014","85.20","-50","71.50","94.78","100.00","160","38.59","85.20","1868.20"
"03/05/2014","89.06","15","76.25","97.80","100.00","162","28.18","89.06","1873.81"
"02/26/2014","91.62","40","77.50","90.00","100.00","200","32.17","91.62","1845.16"
"02/19/2014","75.95","-125","60.00","80.00","100.00","200","53.89","75.95","1840.76"
"02/12/2014","73.26","-125","60.00","80.00","100.00","150","50.46","73.26","1819.26"
"02/05/2014","50.97","-125","31.25","55.00","80.00","135","48.90","50.97","1751.64"
"01/29/2014","70.94","-125","65.00","82.00","100.00","120","48.68","70.94","1774.20"
"01/22/2014","95.13","10","86.00","100.00","100.00","170","33.28","95.13","1844.86"
"01/21/2014","76.23","-200","64.50","81.00","100.00","200","66.11","76.23","2032.12"
"01/15/2014","96.83","15","95.00","100.00","100.00","170","33.54","96.83","1848.38"
"01/08/2014","92.27","0","91.00","100.00","100.00","170","36.87","92.27","1837.49"
"01/02/2014","95.03","25","90.50","100.00","100.00","165","29.44","95.03","1831.98"
"12/26/2013","98.94","50","95.00","100.00","100.00","165","25.49","98.94","1842.02"
"12/18/2013","94.35","0","89.75","100.00","100.00","165","29.56","94.35","1810.65"
"12/11/2013","100.69","0","86.50","100.00","118.98","165","35.63","100.69","1782.22"
"12/04/2013","94.75","0","87.25","100.00","100.00","163","30.23","94.75","1792.81"
"11/27/2013","101.45","50","95.00","100.00","106.56","163","26.85","101.45","1807.23"
"11/20/2013","87.43","-100","73.25","100.00","100.00","150","47.32","87.43","1781.37"
"11/13/2013","80.67","-100","72.50","98.00","100.00","150","53.72","80.67","1782.00"
"11/06/2013","84.81","0","62.00","100.00","100.00","150","29.76","84.81","1762.97"
"10/30/2013","94.59","-5","87.50","100.00","100.00","150","29.66","94.59","1763.31"
"10/23/2013","79.37","-100","64.00","95.00","100.00","150","46.05","79.37","1746.38"
"10/16/2013","82.05","5","56.25","100.00","100.00","130","30.40","82.05","1721.54"
"10/09/2013","54.26","-125","45.00","50.00","97.50","150","64.65","54.26","1655.45"
"10/02/2013","73.13","-150","52.50","92.50","100.00","150","55.27","73.13","1693.87"
"09/25/2013","80.47","-100","55.00","100.00","100.00","150","48.28","80.47","1692.77"
"09/18/2013","62.48","0","42.50","70.00","95.00","100","32.05","62.48","1725.52"
"09/11/2013","66.75","0","43.75","67.50","96.25","125","31.10","66.75","1689.13"
"09/04/2013","42.26","-100","30.00","50.00","69.50","100","44.32","42.26","1653.08"
"08/28/2013","46.92","-100","40.00","50.00","77.25","125","45.74","46.92","1634.96"
"08/21/2013","34.76","-100","31.00","50.00","60.00","125","56.53","34.76","1642.80"
"08/14/2013","69.85","-70","50.00","70.50","88.75","200","42.70","69.85","1685.39"
"08/07/2013","75.70","20","50.00","75.00","97.50","150","30.24","75.70","1697.37"
"07/31/2013","74.05","-125","64.50","95.00","100.00","150","54.48","74.05","1685.73"
"07/24/2013","87.50","15","75.00","95.00","100.00","200","33.44","87.50","1692.39"
"07/17/2013","61.73","-125","50.00","78.50","100.00","108","53.11","61.73","1680.91"
"07/10/2013","47.08","-125","23.75","47.50","90.00","200","55.88","47.08","1652.62"
"07/03/2013","39.91","-50","20.00","40.00","59.00","100","35.22","39.91","1615.41"
"06/26/2013","34.21","-125","19.75","37.50","52.25","150","49.30","34.21","1603.26"
"06/19/2013","51.53","-125","30.00","50.00","90.00","130","49.42","51.53","1628.93"
"06/12/2013","61.90","-125","41.00","60.00","98.69","200","54.21","61.90","1612.52"
"06/05/2013","51.58","-125","30.00","50.00","90.00","200","58.97","51.58","1608.90"
"05/29/2013","77.19","-125","62.50","95.00","100.00","155","58.20","77.19","1648.36"
"05/22/2013","82.02","-125","71.00","92.50","100.00","166","47.22","82.02","1655.35"
"05/15/2013","84.23","-2","65.00","95.00","100.00","166","35.52","84.23","1658.78"
"05/08/2013","79.11","-125","71.50","95.00","100.00","165","54.93","79.11","1625.96"
"05/01/2013","80.61","0","55.00","75.00","100.00","165","37.94","80.61","1597.57"
"04/24/2013","69.90","-125","50.00","70.00","100.00","200","58.80","69.90","1578.79"
"04/17/2013","69.63","-125","50.00","80.00","100.00","170","53.35","69.63","1574.57"
"04/10/2013","77.25","-125","56.25","84.50","100.00","170","52.12","77.25","1587.73"
"04/03/2013","72.71","-125","56.25","87.50","100.00","170","61.57","72.71","1553.69"
"03/27/2013","80.06","0","55.00","87.00","100.00","170","40.66","80.06","1562.85"
"03/20/2013","79.77","0","68.00","80.00","100.00","150","32.61","79.77","1558.71"
"03/13/2013","85.64","0","68.00","95.00","100.00","170","42.82","85.64","1554.52"
"03/06/2013","90.15","-50","71.00","97.00","100.00","170","40.09","90.15","1541.46"
"02/27/2013","82.77","-35","55.00","89.50","107.38","160","48.40","82.77","1515.99"
"02/20/2013","91.07","-10","70.25","99.00","102.25","160","38.08","91.07","1530.94"
"02/13/2013","89.85","-2","80.00","99.00","100.00","162","38.39","89.85","1519.43"
"02/06/2013","94.06","-2","75.00","100.00","100.00","190","40.08","94.06","1512.12"
"01/30/2013","104.25","60","85.25","97.50","110.00","180","32.24","104.25","1507.84"
"01/23/2013","86.38","-125","66.00","95.00","100.00","190","53.95","86.38","1494.81"
"01/16/2013","84.67","-200","67.75","97.50","100.00","200","60.85","84.67","1472.63"
"01/09/2013","83.27","-100","65.00","90.00","100.00","150","43.59","83.27","1461.02"
"01/02/2013","75.98","-125","59.25","77.50","100.00","200","53.25","75.98","1462.42"
"12/26/2012","88.10","0","67.00","85.00","100.00","200","44.51","88.10","1.00"
"12/19/2012","80.19","-100","62.50","81.50","100.00","200","49.81","80.19","1.00"
"12/12/2012","82.91","0","51.50","80.00","100.00","200","40.87","82.91","1.00"
"12/05/2012","75.71","-125","51.00","85.00","100.00","200","53.95","75.71","1.00"
"11/28/2012","55.19","-125","20.00","70.00","100.00","150","58.26","55.19","1.00"
"11/21/2012","64.20","-25","40.00","50.00","100.00","170","42.98","64.20","1.00"
"11/14/2012","67.22","-125","23.75","77.50","99.65","170","64.79","67.22","1.00"
"11/07/2012","57.95","-125","40.00","65.00","90.00","170","57.54","57.95","1.00"
"10/31/2012","75.11","-125","50.00","85.00","100.00","200","59.22","75.11","1.00"
"10/24/2012","64.39","-125","50.00","70.00","95.00","170","59.78","64.39","1.00"
"10/17/2012","65.38","-160","48.75","85.50","100.00","170","71.78","65.38","1.00"
"10/10/2012","64.59","-125","30.00","80.00","100.00","175","66.48","64.59","1.00"
"10/03/2012","76.03","-125","50.75","95.00","100.00","200","57.27","76.03","1.00"
"09/26/2012","69.75","-125","48.00","80.00","100.00","175","56.02","69.75","1.00"
"09/19/2012","81.19","-125","70.00","95.00","102.50","175","52.94","81.19","1.00"
"09/12/2012","72.99","-125","60.00","76.00","100.00","170","50.12","72.99","1.00"
"09/05/2012","77.43","-125","55.00","80.00","100.00","200","50.15","77.43","1.00"
"08/29/2012","82.89","-10","60.00","80.00","100.00","200","40.67","82.89","1.00"
"08/22/2012","69.21","-125","40.00","80.00","100.00","200","59.57","69.21","1.00"
"08/15/2012","76.26","-75","53.75","85.00","100.00","175","42.60","76.26","1.00"
"08/08/2012","70.75","-30","45.00","80.00","97.00","163","39.42","70.75","1.00"
"08/01/2012","67.80","-125","40.00","70.00","95.00","200","53.94","67.80","1.00"
"07/25/2012","74.39","0","33.00","65.00","100.00","200","50.01","74.39","1.00"
"07/18/2012","67.74","-125","47.50","70.00","92.50","200","52.76","67.74","1.00"
"07/11/2012","61.85","-125","37.10","60.00","89.75","200","53.62","61.85","1.00"
"07/05/2012","63.28","-125","46.00","60.00","83.50","180","49.21","63.28","1.00"
"06/27/2012","44.84","-125","30.00","50.00","64.50","200","48.14","44.84","1.00"
"06/20/2012","52.33","-125","32.50","53.00","70.00","200","45.66","52.33","1.00"
"06/13/2012","43.63","-10","22.50","40.00","62.16","125","29.53","43.63","1.00"
"06/06/2012","49.32","0","25.00","50.00","60.00","140","34.96","49.32","1.00"
"05/30/2012","28.65","-125","0.00","36.50","57.10","110","46.73","28.65","1.00"
"05/23/2012","31.78","-125","13.00","40.00","50.00","135","45.50","31.78","1.00"
"05/16/2012","58.71","0","36.50","50.00","87.00","200","41.36","58.71","1.00"
"05/09/2012","64.21","-125","40.00","50.00","94.75","200","54.14","64.21","1.00"
"05/02/2012","63.68","-125","43.75","67.50","95.00","175","50.54","63.68","1.00"
"04/25/2012","48.31","-125","25.00","50.00","82.50","150","56.77","48.31","1.00"
"04/18/2012","46.14","-125","33.75","50.00","77.50","175","56.90","46.14","1.00"
"04/11/2012","51.93","-125","31.25","50.00","92.25","150","53.21","51.93","1.00"
"04/04/2012","69.82","-50","50.00","70.00","100.00","150","38.55","69.82","1.00"
"03/28/2012","71.97","-29","50.00","75.00","100.00","150","40.60","71.97","1.00"
"03/21/2012","68.64","-125","55.00","75.00","99.00","155","47.06","68.64","1.00"
"03/14/2012","71.79","-125","50.00","80.00","100.00","175","47.80","71.79","1.00"
"03/07/2012","57.37","-200","40.00","53.50","96.00","150","56.66","57.37","1.00"
"02/29/2012","73.78","-50","60.00","77.00","100.00","155","36.76","73.78","1.00"
"02/22/2012","76.28","-60","50.00","87.50","100.00","150","37.17","76.28","1.00"
"02/15/2012","73.00","-35","50.00","75.00","100.00","175","36.23","73.00","1.00"
"02/08/2012","72.66","-40","50.00","72.00","100.00","150","36.82","72.66","1.00"
"02/01/2012","67.52","-75","50.00","75.00","100.00","125","39.38","67.52","1.00"
"01/25/2012","56.33","-125","40.00","65.00","100.00","125","53.51","56.33","1.00"
"01/18/2012","52.50","-100","30.75","60.00","90.50","125","49.05","52.50","1.00"
"01/11/2012","49.34","-125","35.00","50.00","84.00","100","47.07","49.34","1.00"
"01/04/2012","43.14","-125","28.75","47.50","60.50","140","41.40","43.14","1.00"
"12/28/2011","43.56","-50","30.00","45.00","54.00","100","28.56","43.56","1.00"
"12/21/2011","36.62","-125","23.66","42.50","50.00","110","39.52","36.62","1.00"
"12/14/2011","35.69","-125","19.50","38.50","50.00","175","48.20","35.69","1.00"
"12/07/2011","34.80","-125","11.25","40.00","58.75","100","43.66","34.80","1.00"
"11/30/2011","30.02","-125","0.00","34.00","50.00","130","42.22","30.02","1.00"
"11/23/2011","34.77","-125","8.34","34.50","50.00","150","45.87","34.77","1.00"
"11/16/2011","54.00","-125","30.00","60.00","85.00","150","52.00","54.00","1.00"
"11/09/2011","44.05","-125","8.00","52.00","80.00","130","55.69","44.05","1.00"
"11/02/2011","45.43","-125","18.75","50.00","85.00","150","55.32","45.43","1.00"
"10/26/2011","38.12","-125","25.00","50.00","66.50","100","45.23","38.12","1.00"
"10/19/2011","21.32","-125","0.00","23.50","47.75","100","40.92","21.32","1.00"
"10/12/2011","0.00","-200","-3.75","12.50","34.25","70","58.88","0.00","1.00"
"10/05/2011","-3.56","-200","0.00","0.00","16.00","130","54.52","-3.56","1.00"
"09/28/2011","4.18","-125","0.00","0.00","26.25","90","38.97","4.18","1.00"
"09/21/2011","27.90","-125","0.00","11.00","50.00","190","51.00","27.90","1.00"
"09/14/2011","26.78","-125","0.00","10.00","50.00","200","50.57","26.78","1.00"
"09/07/2011","25.31","-125","0.00","15.00","50.00","120","46.85","25.31","1.00"
"08/31/2011","22.19","-140","0.00","15.00","50.00","100","44.78","22.19","1.00"
"08/24/2011","20.17","-125","0.00","15.00","45.00","100","40.40","20.17","1.00"
"08/17/2011","28.78","-125","0.00","20.00","50.00","200","47.52","28.78","1.00"
"08/10/2011","21.40","-125","0.00","14.50","50.00","100","42.05","21.40","1.00"
"08/03/2011","32.87","-125","0.00","42.00","60.00","150","50.44","32.87","1.00"
"07/27/2011","62.70","-55","40.00","50.00","89.50","200","42.65","62.70","1.00"
"07/20/2011","66.31","-125","47.50","66.00","95.50","200","49.79","66.31","1.00"
"07/13/2011","53.93","-125","40.00","55.00","95.00","150","53.48","53.93","1.00"
"07/06/2011","50.39","-170","32.00","55.00","84.00","150","57.90","50.39","1.00"
"06/29/2011","31.98","-140","0.00","35.00","60.00","150","54.00","31.98","1.00"
"06/22/2011","29.28","-125","0.00","28.50","54.75","117","48.13","29.28","1.00"
"06/15/2011","25.95","-125","0.00","25.00","50.00","155","54.88","25.95","1.00"
"06/08/2011","42.79","-125","27.25","50.00","72.50","167","58.56","42.79","1.00"
"06/01/2011","52.86","-100","40.00","60.00","77.50","170","47.06","52.86","1.00"
"05/25/2011","58.93","-125","45.00","60.00","85.00","200","56.87","58.93","1.00"
"05/18/2011","68.41","-100","45.00","80.00","100.00","200","57.02","68.41","1.00"
"05/11/2011","74.66","-125","50.00","85.00","100.00","200","51.78","74.66","1.00"
"05/04/2011","76.13","-50","55.00","75.00","100.00","175","47.87","76.13","1.00"
"04/27/2011","81.90","0","50.00","82.50","100.00","200","43.74","81.90","1.00"
"04/20/2011","82.95","0","62.25","82.50","100.00","200","41.72","82.95","1.00"
"04/13/2011","80.63","0","60.00","78.00","100.00","200","38.73","80.63","1.00"
"04/06/2011","80.79","0","59.00","80.00","100.00","200","39.17","80.79","1.00"
"03/30/2011","70.92","0","50.00","72.00","95.00","160","33.44","70.92","1.00"
"03/23/2011","50.83","-100","18.75","50.00","83.75","160","54.67","50.83","1.00"
"03/16/2011","41.00","-200","21.25","50.00","80.00","160","64.32","41.00","1.00"
"03/09/2011","75.34","-10","58.50","77.50","95.00","165","34.89","75.34","1.00"
"03/02/2011","70.92","-100","50.00","75.00","100.00","160","43.94","70.92","1.00"
"02/23/2011","68.13","-100","48.75","79.00","100.00","160","53.94","68.13","1.00"
"02/16/2011","83.73","-50","70.00","97.00","100.00","160","39.53","83.73","1.00"
"02/09/2011","86.28","0","70.00","96.50","100.00","165","36.24","86.28","1.00"
"02/02/2011","82.13","0","62.50","91.50","100.00","160","37.30","82.13","1.00"
"01/26/2011","76.18","-50","56.25","95.00","100.00","150","44.56","76.18","1.00"
"01/19/2011","70.83","-100","50.00","85.00","100.00","150","48.20","70.83","1.00"
"01/12/2011","76.88","0","50.00","85.50","100.00","150","34.52","76.88","1.00"
"01/05/2011","78.51","-50","55.00","90.00","100.00","140","36.00","78.51","1.00"
"12/29/2010","80.21","20","55.00","85.00","100.00","150","25.87","80.21","1.00"
"12/22/2010","81.83","-40","70.00","92.50","100.00","130","30.94","81.83","1.00"
"12/15/2010","74.74","-125","72.50","90.00","100.00","150","48.88","74.74","1.00"
"12/08/2010","63.11","-125","50.00","82.50","100.00","145","56.85","63.11","1.00"
"12/01/2010","62.47","-200","50.00","81.50","100.00","200","71.40","62.47","1.00"
"11/24/2010","66.67","-200","50.00","85.00","100.00","200","68.73","66.67","1.00"
"11/17/2010","66.59","-125","50.00","80.00","100.00","200","64.71","66.59","1.00"
"11/11/2010","71.46","-200","65.00","97.00","100.00","200","73.63","71.46","1.00"
"11/03/2010","69.47","-125","42.50","77.50","100.00","200","57.60","69.47","1.00"
"10/27/2010","57.66","-200","50.00","75.00","96.25","175","74.05","57.66","1.00"
"10/20/2010","72.17","-125","50.00","80.00","100.00","175","54.04","72.17","1.00"
"10/13/2010","67.14","-125","50.00","80.00","100.00","170","55.01","67.14","1.00"
"10/06/2010","76.42","-125","50.00","77.50","100.00","200","59.69","76.42","1.00"
"09/29/2010","68.26","-125","42.50","66.00","95.00","200","65.97","68.26","1.00"
"09/22/2010","55.29","-150","36.25","55.00","87.25","200","74.43","55.29","1.00"
"09/15/2010","42.30","-200","22.00","50.00","85.00","155","73.39","42.30","1.00"
"09/08/2010","48.26","-200","24.00","50.00","78.75","180","72.42","48.26","1.00"
"09/01/2010","52.78","-125","20.00","50.00","80.00","200","62.56","52.78","1.00"
"08/25/2010","43.94","-60","20.00","50.00","66.25","200","55.91","43.94","1.00"
"08/18/2010","56.08","-125","42.75","50.00","78.75","155","53.95","56.08","1.00"
"08/11/2010","54.68","-125","30.00","60.00","90.00","200","70.17","54.68","1.00"
"08/04/2010","59.11","-125","28.75","60.00","100.00","200","58.52","59.11","1.00"
"07/28/2010","50.21","-125","22.00","40.00","96.00","200","63.65","50.21","1.00"
"07/21/2010","45.33","-125","17.00","40.00","65.00","200","55.50","45.33","1.00"
"07/14/2010","49.85","-125","21.50","50.00","80.00","200","52.38","49.85","1.00"
"07/07/2010","13.47","-200","0.00","25.00","50.00","100","60.79","13.47","1.00"
"06/30/2010","36.05","-125","10.00","40.00","50.00","200","51.88","36.05","1.00"
"06/23/2010","54.24","-125","25.00","50.00","85.00","200","59.38","54.24","1.00"
"06/16/2010","30.42","-200","13.25","37.50","65.25","130","60.17","30.42","1.00"
"06/09/2010","34.76","-125","8.50","30.00","61.25","200","50.57","34.76","1.00"
"06/02/2010","27.05","-200","13.75","27.50","50.00","110","55.84","27.05","1.00"
"05/26/2010","40.67","-50","15.00","27.50","53.75","200","45.44","40.67","1.00"
"05/19/2010","40.38","-125","6.00","35.00","72.50","200","65.24","40.38","1.00"
"05/12/2010","42.39","-200","20.75","52.50","85.00","160","67.42","42.39","1.00"
"05/05/2010","67.89","-125","40.00","71.00","100.00","200","73.78","67.89","1.00"
"04/28/2010","83.91","0","51.00","80.00","100.00","200","46.03","83.91","1.00"
"04/21/2010","81.64","0","50.00","80.00","100.00","200","42.33","81.64","1.00"
"04/14/2010","77.22","-100","52.25","90.00","100.00","150","45.15","77.22","1.00"
"04/07/2010","85.91","-50","51.00","95.00","107.50","200","50.04","85.91","1.00"
"03/31/2010","83.26","0","50.50","95.00","100.00","200","46.37","83.26","1.00"
"03/24/2010","76.45","-125","50.00","80.00","100.00","200","57.76","76.45","1.00"
"03/17/2010","77.30","-100","50.00","95.00","100.00","200","55.50","77.30","1.00"
"03/10/2010","51.19","-200","35.00","70.00","100.00","150","68.95","51.19","1.00"
"03/03/2010","54.89","-125","30.00","50.00","82.50","200","61.02","54.89","1.00"
"02/24/2010","44.55","-125","18.00","50.00","80.00","200","61.00","44.55","1.00"
"02/17/2010","36.51","-200","22.50","50.00","70.00","140","59.03","36.51","1.00"
"02/10/2010","21.76","-200","0.00","30.00","58.75","160","68.82","21.76","1.00"
"02/03/2010","33.18","-200","7.50","47.00","79.00","160","68.48","33.18","1097.28"
"01/27/2010","61.91","-125","30.00","70.00","90.00","200","66.11","61.91","1097.50"
"01/20/2010","63.83","-200","47.50","76.50","100.00","200","79.25","63.83","1138.04"
"01/13/2010","72.97","-125","45.00","85.00","100.00","200","57.83","72.97","1145.68"
"01/06/2010","70.65","-125","50.00","80.00","100.00","200","54.77","70.65","1137.14"
"12/30/2009","74.56","-50","38.50","75.00","100.00","200","53.70","74.56","1126.42"
"12/23/2009","61.08","-200","35.00","72.50","100.00","160","65.36","61.08","1120.59"
"12/16/2009","75.57","-50","40.00","82.00","100.00","200","53.68","75.57","1109.18"
"12/09/2009","68.74","-50","36.00","65.00","100.00","200","56.95","68.74","1095.95"
"12/02/2009","82.19","10","50.00","77.50","100.00","200","49.33","82.19","1109.24"
"11/25/2009","67.07","-100","35.00","68.00","100.00","200","56.69","67.07","1110.63"
"11/18/2009","65.56","0","22.25","77.50","96.25","150","44.76","65.56","1109.80"
"11/11/2009","69.21","-100","50.00","65.00","100.00","200","53.91","69.21","1098.51"
"11/04/2009","64.94","-50","23.75","71.50","100.00","200","61.13","64.94","1046.50"
"10/28/2009","74.68","-50","40.00","80.00","100.00","200","64.60","74.68","1042.63"
"10/21/2009","77.83","-80","50.00","85.00","100.00","200","52.23","77.83","1081.40"
"10/14/2009","74.38","-200","50.00","80.00","100.00","200","61.73","74.38","1092.02"
"10/07/2009","67.86","-200","50.00","75.00","100.00","200","71.40","67.86","1057.58"
"09/30/2009","86.41","20","50.00","77.50","98.75","200","49.48","86.41","1057.08"
"09/23/2009","80.64","-50","50.00","77.50","100.00","200","53.32","80.64","1060.87"
"09/16/2009","68.00","-200","50.00","75.00","97.50","200","63.59","68.00","1068.76"
"09/09/2009","63.06","-200","40.00","70.00","100.00","200","63.36","63.06","1033.37"
"09/02/2009","54.71","-200","25.00","50.00","95.00","200","81.41","54.71","994.75"
"08/26/2009","55.21","-200","35.00","50.00","80.00","200","71.14","55.21","1028.12"
"08/19/2009","31.22","-200","0.00","40.00","70.00","200","76.39","31.22","996.46"
"08/12/2009","51.56","-50","19.25","50.00","72.50","200","54.17","51.56","1005.81"
"08/05/2009","69.00","0","40.00","67.50","98.50","200","44.58","69.00","1002.72"
"07/29/2009","37.41","-200","20.00","47.50","68.75","150","61.37","37.41","975.15"
"07/22/2009","37.38","-200","0.00","45.00","73.00","140","57.65","37.38","954.07"
"07/15/2009","22.61","-150","0.00","16.00","55.00","120","52.81","22.61","932.68"
"07/08/2009","21.65","-200","0.00","20.00","60.00","200","64.16","21.65","879.56"
"07/01/2009","35.67","-75","0.00","30.00","65.00","200","54.89","35.67","923.33"
"06/24/2009","27.97","-200","0.00","38.50","65.00","200","66.26","27.97","900.94"
"06/17/2009","49.92","-50","10.50","50.00","65.00","200","52.63","49.92","910.71"
"06/10/2009","64.81","0","33.75","65.00","88.75","200","44.47","64.81","939.15"
"06/03/2009","51.46","-200","30.00","53.00","85.00","200","65.16","51.46","931.76"
"05/27/2009","40.34","-200","18.00","50.00","75.00","150","56.58","40.34","906.83"
"05/20/2009","50.41","-50","15.00","50.00","80.00","200","45.67","50.41","903.47"
"05/13/2009","56.82","-25","20.00","50.00","75.00","200","50.71","56.82","883.92"
"05/06/2009","33.19","-200","5.00","40.00","57.50","200","67.14","33.19","919.53"
"04/29/2009","35.76","-200","0.00","47.00","75.00","200","67.77","35.76","873.64"
"04/22/2009","22.67","-200","0.00","29.00","50.00","120","65.51","22.67","843.55"
"04/15/2009","41.61","-100","10.75","45.00","55.50","200","48.42","41.61","852.06"
"04/08/2009","35.30","-200","5.00","38.00","50.00","200","59.14","35.30","825.16"
"04/01/2009","18.85","-200","0.00","25.00","50.00","125","67.93","18.85","811.08"
"03/25/2009","47.75","-50","15.75","50.00","60.00","200","49.16","47.75","813.88"
"03/18/2009","9.97","-200","0.00","15.00","36.25","100","50.63","9.97","794.35"
"03/11/2009","4.23","-200","0.00","5.00","17.50","100","51.00","4.23","721.36"
"03/04/2009","2.15","-200","0.00","0.00","22.50","100","48.80","2.15","712.87"
"02/25/2009","13.35","-200","0.00","15.00","37.25","100","46.38","13.35","764.90"
"02/18/2009","25.97","-40","0.00","15.00","45.00","200","49.84","25.97","788.42"
"02/11/2009","24.14","-50","0.00","10.00","45.50","200","42.69","24.14","833.74"
"02/04/2009","17.80","-100","0.00","20.00","39.00","100","33.09","17.80","832.23"
"01/28/2009","20.22","-200","0.00","25.00","50.00","100","49.01","20.22","874.09"
"01/21/2009","19.67","-200","0.00","32.00","50.00","100","51.04","19.67","840.24"
"01/14/2009","26.51","-200","0.00","33.00","50.00","200","64.58","26.51","842.62"
"01/07/2009","29.09","-200","5.00","40.00","50.00","100","51.01","29.09","906.65"
"12/31/2008","22.06","-200","0.00","16.00","51.25","155","55.14","22.06","903.25"
"12/24/2008","24.41","-200","0.00","10.00","50.00","170","55.29","24.41","868.15"
"12/17/2008","14.43","-200","0.00","10.00","50.00","140","53.49","14.43","904.42"
"12/10/2008","3.68","-200","0.00","0.00","22.50","100","49.21","3.68","899.24"
"12/03/2008","9.65","-80","0.00","0.00","25.00","200","45.36","9.65","870.74"
"11/26/2008","9.67","-200","0.00","0.00","25.00","200","57.85","9.67","887.68"
"11/19/2008","11.71","-100","0.00","0.00","20.00","200","43.98","11.71","806.58"
"11/12/2008","15.06","-80","0.00","5.00","30.00","200","44.41","15.06","852.30"
"11/05/2008","9.62","-200","0.00","2.50","38.75","100","49.89","9.62","952.77"
"10/29/2008","10.00","-200","0.00","2.50","40.00","125","53.88","10.00","930.09"
"10/22/2008","8.37","-200","0.00","2.50","32.25","100","44.13","8.37","896.78"
"10/15/2008","18.00","-80","0.00","5.00","33.50","200","40.55","18.00","907.84"
"10/08/2008","-2.97","-200","0.00","0.00","16.25","50","51.28","-2.97","984.94"
"10/01/2008","16.27","-100","0.00","0.00","33.00","100","33.41","16.27","1161.06"
"09/24/2008","19.11","-125","0.00","10.50","26.25","200","46.36","19.11","1185.87"
"09/17/2008","16.09","-125","0.00","10.00","30.00","200","47.42","16.09","1156.39"
"09/10/2008","28.32","-50","0.00","19.25","50.00","200","44.25","28.32","1232.04"
"09/03/2008","29.92","-200","0.00","30.00","50.00","200","65.07","29.92","1274.98"
"08/27/2008","30.03","-50","0.00","20.00","50.00","200","50.18","30.03","1281.66"
"08/21/2008","39.76","-50","3.25","29.00","56.00","200","50.10","39.76","1277.72"
"08/13/2008","33.27","-50","0.00","20.00","50.00","200","53.12","33.27","1285.83"
"08/06/2008","18.30","-200","0.00","20.00","50.00","100","52.66","18.30","1289.19"
"07/30/2008","12.56","-200","0.00","20.00","50.00","100","61.75","12.56","1284.26"
"07/23/2008","13.81","-200","0.00","20.00","50.00","100","57.91","13.81","1282.19"
"07/16/2008","10.22","-200","0.00","5.00","50.00","100","51.28","10.22","1245.36"
"07/09/2008","2.03","-200","-40.00","0.00","45.00","200","75.85","2.03","1244.69"
"07/02/2008","28.03","-50","0.00","24.50","52.50","200","52.72","28.03","1261.52"
"06/25/2008","32.00","-50","0.00","25.00","63.50","200","55.26","32.00","1321.97"
"06/18/2008","44.22","-160","7.50","40.00","86.25","200","65.08","44.22","1337.81"
"06/11/2008","36.46","-200","0.00","30.00","85.00","200","78.83","36.46","1335.49"
"06/04/2008","58.15","-125","30.00","50.00","100.00","200","65.79","58.15","1377.20"
"05/28/2008","69.48","-125","40.00","70.00","100.00","200","66.21","69.48","1390.84"
"05/21/2008","68.72","-125","35.00","75.00","100.00","200","65.70","68.72","1390.71"
"05/14/2008","56.41","-200","25.00","70.00","100.00","200","68.46","56.41","1408.66"
"05/07/2008","66.04","-15","50.00","80.00","97.50","125","37.80","66.04","1392.57"
"05/01/2008","74.47","0","50.00","65.00","90.00","200","44.96","74.47","1364.71"
"04/23/2008","59.27","0","25.00","50.00","89.50","200","41.97","59.27","1364.71"
"04/16/2008","49.86","-200","25.00","50.00","80.00","200","56.32","49.86","1364.71"
"04/09/2008","46.92","-125","30.00","50.00","80.00","200","69.47","46.92","1332.83"
"04/02/2008","42.07","-180","10.00","35.00","81.25","200","72.95","42.07","1370.40"
"03/26/2008","26.69","-200","0.00","34.00","50.00","200","69.09","26.69","1315.22"
"03/19/2008","44.00","0","10.00","37.50","66.25","200","44.17","44.00","1329.51"
"03/12/2008","45.28","-30","0.00","20.00","50.00","200","63.15","45.28","1288.14"
"03/05/2008","38.34","-100","0.00","35.00","52.50","200","56.33","38.34","1293.37"
"02/27/2008","13.96","-200","7.50","20.00","67.50","115","82.93","13.96","1330.63"
"02/20/2008","33.67","-80","0.00","22.50","65.00","200","57.33","33.67","1353.11"
"02/13/2008","15.33","-200","0.00","20.00","57.50","200","74.68","15.33","1349.99"
"02/06/2008","30.89","-200","0.00","22.50","56.25","200","70.45","30.89","1331.29"
"01/30/2008","25.63","-160","0.00","10.00","55.00","200","62.16","25.63","1395.42"
"01/23/2008","39.91","-200","0.00","33.50","75.00","200","74.04","39.91","1330.61"
"01/16/2008","12.92","-200","0.00","20.00","50.00","100","58.39","12.92","1325.19"
"01/09/2008","41.45","-200","0.00","50.00","85.00","200","75.14","41.45","1401.02"
"01/02/2008","83.55","0","50.00","70.00","100.00","200","55.23","83.55","1411.63"
"12/26/2007","74.79","-50","47.50","80.00","100.00","200","50.50","74.79","1478.49"
"12/19/2007","56.27","-200","22.50","52.50","97.50","200","71.47","56.27","1484.46"
"12/12/2007","73.57","-200","50.00","87.50","100.00","200","69.02","73.57","1467.95"
"12/05/2007","69.43","-90","40.00","72.50","90.00","200","60.54","69.43","1504.66"
"11/28/2007","51.07","-200","25.00","57.50","92.50","200","68.93","51.07","1481.14"
"11/21/2007","51.04","-70","18.75","46.00","66.25","200","60.49","51.04","1440.70"
"11/14/2007","68.35","0","44.00","65.00","98.25","200","40.68","68.35","1458.74"
"11/07/2007","84.44","-20","50.00","80.00","100.00","200","52.53","84.44","1453.70"
"10/31/2007","65.69","-200","38.75","90.00","100.00","200","75.07","65.69","1509.65"
"10/24/2007","69.14","-200","50.00","90.00","100.00","200","65.85","69.14","1535.28"
"10/17/2007","86.46","-50","75.00","92.50","100.00","200","49.21","86.46","1500.63"
"10/10/2007","66.43","-125","52.50","90.00","100.00","130","56.23","66.43","1561.80"
"10/03/2007","75.49","-125","65.00","90.00","100.00","200","61.37","75.49","1557.59"
"09/26/2007","77.36","0","60.00","75.00","93.75","200","38.19","77.36","1526.75"
"09/19/2007","63.50","0","50.00","57.50","87.50","200","42.41","63.50","1525.75"
"09/12/2007","46.55","-125","0.00","40.00","85.00","200","69.60","46.55","1484.25"
"09/05/2007","39.63","-50","7.50","40.00","77.50","100","45.02","39.63","1453.55"
"08/29/2007","-2.11","-200","-3.75","5.00","41.25","100","72.57","-2.11","1473.99"
"08/22/2007","38.19","-15","0.00","22.50","50.00","200","52.70","38.19","1479.37"
"08/15/2007","21.25","-100","0.00","5.00","33.75","200","57.03","21.25","1445.94"
"08/08/2007","43.82","-50","0.00","31.00","70.00","200","65.10","43.82","1453.64"
"08/01/2007","39.00","-125","0.00","36.00","52.50","200","59.66","39.00","1433.06"
"07/25/2007","40.58","-125","0.00","50.00","85.00","200","63.77","40.58","1458.95"
"07/18/2007","74.13","0","50.00","80.00","94.50","200","45.89","74.13","1534.10"
"07/11/2007","62.39","-100","50.00","75.00","90.00","200","51.35","62.39","1530.44"
"07/05/2007","56.06","-125","38.75","77.50","91.25","200","60.18","56.06","1552.50"
"06/27/2007","74.23","-50","45.00","77.00","100.00","200","55.83","74.23","1503.35"
"06/20/2007","61.47","-125","40.00","85.00","100.00","200","67.95","61.47","1502.56"
"06/13/2007","53.04","-125","0.00","75.00","100.00","150","65.54","53.04","1532.91"
"06/06/2007","57.63","-125","27.00","80.00","97.50","200","62.81","57.63","1507.67"
"05/30/2007","80.55","-50","65.00","90.00","100.00","200","48.79","80.55","1536.34"
"05/23/2007","82.50","-125","80.25","90.00","100.00","200","53.98","82.50","1515.73"
"05/16/2007","87.38","-125","87.75","100.00","100.00","200","51.82","87.38","1522.75"
"05/09/2007","73.83","-125","67.50","97.50","100.00","117","55.06","73.83","1505.85"
"05/02/2007","82.67","-125","63.75","92.00","100.00","200","59.06","82.67","1505.62"
"04/25/2007","75.42","-125","80.00","90.00","100.00","200","59.00","75.42","1494.07"
"04/18/2007","54.14","-200","38.00","80.00","100.00","112","69.28","54.14","1484.35"
"04/11/2007","59.32","-125","50.00","66.00","90.00","200","57.83","59.32","1452.85"
"04/04/2007","45.65","-125","21.00","57.50","87.50","200","64.54","45.65","1443.76"
"03/28/2007","44.54","-120","16.00","47.50","82.50","200","61.63","44.54","1420.86"
"03/21/2007","47.70","-100","21.50","40.00","85.00","200","54.91","47.70","1436.11"
"03/14/2007","38.05","-150","24.00","45.00","90.00","100","68.64","38.05","1386.95"
"03/07/2007","52.40","-75","30.00","50.00","90.00","150","48.60","52.40","1402.84"
"02/28/2007","89.33","-100","85.00","100.00","100.00","200","53.73","89.33","1387.17"
"02/21/2007","73.68","-150","61.50","90.00","100.00","118","52.76","73.68","1451.19"
"02/14/2007","79.09","-100","67.50","92.50","100.00","200","55.65","79.09","1455.54"
"02/07/2007","82.00","-50","62.50","90.00","100.00","200","45.93","82.00","1438.06"
"01/31/2007","80.75","-50","62.50","87.50","100.00","200","49.38","80.75","1448.39"
"01/24/2007","72.59","-50","52.50","85.00","100.00","125","42.72","72.59","1422.18"
"01/17/2007","84.89","0","68.00","100.00","100.00","112","27.90","84.89","1430.50"
"01/10/2007","58.88","-150","50.00","81.50","100.00","125","65.21","58.88","1430.73"
"01/03/2007","100.05","50","85.00","100.00","108.00","200","32.24","100.05","1409.71"
"12/27/2006","85.17","-30","79.00","100.00","100.00","150","35.21","85.17","1418.30"
"12/20/2006","92.91","50","83.50","100.00","100.00","150","22.35","92.91","1410.76"
"12/13/2006","93.00","50","85.00","100.00","100.00","125","19.42","93.00","1427.09"
"12/06/2006","74.73","-150","75.75","100.00","100.00","125","58.03","74.73","1409.84"
"11/29/2006","86.67","-25","72.50","100.00","100.00","150","38.41","86.67","1396.71"
"11/22/2006","92.43","50","80.00","100.00","100.00","150","20.82","92.43","1400.95"
"11/15/2006","68.10","-150","56.00","89.00","100.00","150","61.30","68.10","1401.20"
"11/08/2006","73.96","-50","53.00","90.00","100.00","150","46.65","73.96","1380.90"
"11/01/2006","80.96","-100","68.75","90.00","100.00","200","53.86","80.96","1364.30"
"10/25/2006","80.16","-100","70.00","90.00","100.00","200","53.12","80.16","1377.34"
"10/18/2006","84.41","-20","77.50","95.00","100.00","150","33.22","84.41","1368.60"
"10/11/2006","60.09","-125","50.00","82.50","100.00","120","59.83","60.09","1365.62"
"10/04/2006","69.70","-100","50.00","88.00","100.00","175","59.40","69.70","1349.59"
"09/27/2006","49.90","-125","45.00","50.00","90.00","123","55.81","49.90","1335.85"
"09/20/2006","78.00","20","50.00","82.50","100.00","150","31.26","78.00","1314.78"
"09/13/2006","45.80","-100","15.00","50.00","85.00","150","56.23","45.80","1319.66"
"09/06/2006","49.38","-70","50.00","60.00","90.00","100","50.37","49.38","1298.92"
"08/30/2006","42.10","-60","0.00","50.00","75.00","100","45.17","42.10","1311.01"
"08/23/2006","42.10","-60","0.00","50.00","75.00","100","45.17","42.10","1295.09"
"08/16/2006","38.60","-100","0.00","50.00","75.00","150","56.52","38.60","1302.30"
"08/09/2006","45.02","-100","31.25","50.00","58.75","150","47.48","45.02","1266.74"
"08/02/2006","44.23","-50","21.25","50.00","53.75","175","43.69","44.23","1279.36"
"07/26/2006","17.38","-50","0.00","15.00","50.00","100","33.78","17.38","1278.55"
"07/19/2006","18.76","-100","0.00","25.00","50.00","100","38.17","18.76","1240.29"
"07/12/2006","31.20","-50","0.00","25.00","50.00","150","47.84","31.20","1236.20"
"07/05/2006","19.44","-100","0.00","20.00","50.00","100","55.55","19.44","1265.48"
"01/01/1970","0.00","0","0.00","0.00","0.00","0","0.00","0.00","0.00"
"01/01/1970","76.36","0","50.00","77.50","100.00","200","40.45","76.36","2813.36"
